{"DocumentTypeId":"Insurance.ACORD.Acord-125","FormId":"20acdb90","FormName":"125-393","OriginalFileExtension":"pdf","Pages":[{"Page":0,"Size":[0.0,0.0,612.0,792.0],"SkewAngle":0.0,"Evidence":[{"Text":"125","Box":[760.5601,53.52,12.48,5.9999]},{"Text":"(3/93)","Box":[760.5601,68.88,20.16,7.2]},{"Text":"1","Box":[760.8,92.16,2.4,5.52]},{"Text":"of","Box":[760.5601,98.64,6.96,5.9999]},{"Text":"4","Box":[760.8,116.4,4.56,7.2]}],"Fields":[{"Field":"Insurance.ACORD.Acord-125.Producer","Box":[58.3284,19.7419,224.3402,69.0968]},{"Field":"Insurance.ACORD.Acord-125.MailingAddress","Box":[69.9941,17.9472,226.1349,58.3284]},{"Field":"Insurance.ACORD.Acord-125.Phone","Box":[43.0733,108.5806,135.5015,13.4604]},{"Field":"Insurance.ACORD.Acord-125.Carrier","Box":[51.1496,245.8768,183.0616,16.1525]},{"Field":"Insurance.ACORD.Acord-125.Underwriter","Box":[52.0469,428.9384,162.4223,15.2551]},{"Field":"Insurance.ACORD.Acord-125.Attached-Property","Box":[105.8886,245.8768,13.4604,10.7683]},{"Field":"Insurance.ACORD.Acord-125.Attached-Equipment","Box":[94.2229,361.6364,12.563,9.871]},{"Field":"Insurance.ACORD.Acord-125.Attached-CGA","Box":[128.3226,360.739,14.3578,12.563]},{"Field":"Insurance.ACORD.Acord-125.Attached-Umbrella","Box":[142.6804,476.4985,13.4604,9.871]},{"Field":"Insurance.ACORD.Acord-125.Quote-Submission","Box":[176.7801,17.9472,17.9472,12.563]},{"Field":"Insurance.ACORD.Acord-125.Start-Date","Box":[201.9062,217.1613,78.0704,22.434]},{"Field":"Insurance.ACORD.Acord-125.ExpiryDate","Box":[201.9062,296.129,78.9677,22.434]},{"Field":"Insurance.ACORD.Acord-125.ApplicantInformation","Box":[245.8768,18.8446,572.5161,38.5865]},{"Field":"Insurance.ACORD.Acord-125.InspectionContact","Box":[345.4839,17.9472,288.0528,10.7683]},{"Field":"Insurance.ACORD.Acord-125.AccountingContact","Box":[347.2786,306.8974,284.4633,9.871]}],"Tables":[{"FieldId":"Insurance.ACORD.Acord-125.PremisesInformation","Headers":[{"FieldId":"Insurance.ACORD.Acord-125.PremisesInformation.Loc","Box":[0.0,0.0,0.0,0.0]},{"FieldId":"Insurance.ACORD.Acord-125.PremisesInformation.Bld","Box":[0.0,0.0,0.0,0.0]},{"FieldId":"Insurance.ACORD.Acord-125.PremisesInformation.Address","Box":[0.0,0.0,0.0,0.0]},{"FieldId":"Insurance.ACORD.Acord-125.PremisesInformation.City-Limits","Box":[0.0,0.0,0.0,0.0]},{"FieldId":"Insurance.ACORD.Acord-125.PremisesInformation.Yr-built","Box":[0.0,0.0,0.0,0.0]},{"FieldId":"Insurance.ACORD.Acord-125.PremisesInformation.Part-Ocupied","Box":[0.0,0.0,0.0,0.0]},{"FieldId":"Insurance.ACORD.Acord-125.PremisesInformation.Interest","Box":[0.0,0.0,0.0,0.0]}],"Cells":[{"Row":0,"Column":0,"Box":[383.173,17.9472,31.4076,34.0997]},{"Row":0,"Column":1,"Box":[383.4721,49.3548,28.7155,34.9971]},{"Row":0,"Column":2,"Box":[383.173,78.9677,223.4428,34.0997]},{"Row":0,"Column":3,"Box":[382.5748,303.3079,14.3578,11.6657]},{"Row":0,"Column":4,"Box":[383.173,433.4252,34.9971,34.0997]},{"Row":0,"Column":5,"Box":[382.5748,470.217,121.1437,34.0997]},{"Row":0,"Column":6,"Box":[382.8739,353.5601,14.3578,10.7683]}]}]},{"Page":1,"Size":[0.0,0.0,612.0,792.0],"SkewAngle":0.0,"Evidence":[{"Text":"125","Box":[760.5601,53.52,12.48,5.9999]},{"Text":"(3/93)","Box":[760.5601,68.88,20.16,7.2]},{"Text":"2","Box":[760.5601,91.92,3.84,5.76]},{"Text":"of","Box":[760.5601,98.64,6.96,5.9999]},{"Text":"4","Box":[760.8,118.56,4.56,7.2]}],"Fields":[],"Tables":[{"FieldId":"Insurance.ACORD.Acord-125.PremisesInformation","Headers":[{"FieldId":"Insurance.ACORD.Acord-125.PremisesInformation.Loc","Box":[0.0,0.0,0.0,0.0]},{"FieldId":"Insurance.ACORD.Acord-125.PremisesInformation.Bld","Box":[0.0,0.0,0.0,0.0]},{"FieldId":"Insurance.ACORD.Acord-125.PremisesInformation.Address","Box":[0.0,0.0,0.0,0.0]},{"FieldId":"Insurance.ACORD.Acord-125.PremisesInformation.City-Limits","Box":[0.0,0.0,0.0,0.0]},{"FieldId":"Insurance.ACORD.Acord-125.PremisesInformation.Yr-built","Box":[0.0,0.0,0.0,0.0]},{"FieldId":"Insurance.ACORD.Acord-125.PremisesInformation.Part-Ocupied","Box":[0.0,0.0,0.0,0.0]},{"FieldId":"Insurance.ACORD.Acord-125.PremisesInformation.Interest","Box":[0.0,0.0,0.0,0.0]}],"Cells":[]}]}]}