{"DataContractVersion":"1.0","DocumentTypes":[{"DocumentTypeId":"Insurance.ACORD.Acord-125","Group":"Insurance","Category":"ACORD","Name":"Acord-125-393","OptionalUniqueIdentifier":null,"TypeField":{"FieldId":"Insurance.ACORD.Acord-125.DocumentType","FieldName":"Document Type"},"Fields":[{"FieldId":"Insurance.ACORD.Acord-125.Producer","FieldName":"Producer","IsMultiValue":false,"Type":"Text","DeriveFieldsFormat":"","Components":[],"SetValues":[]},{"FieldId":"Insurance.ACORD.Acord-125.Phone","FieldName":"Phone","IsMultiValue":false,"Type":"Text","DeriveFieldsFormat":"","Components":[],"SetValues":[]},{"FieldId":"Insurance.ACORD.Acord-125.Carrier","FieldName":"Carrier","IsMultiValue":false,"Type":"Text","DeriveFieldsFormat":"","Components":[],"SetValues":[]},{"FieldId":"Insurance.ACORD.Acord-125.Underwriter","FieldName":"Underwriter","IsMultiValue":false,"Type":"Text","DeriveFieldsFormat":"","Components":[],"SetValues":[]},{"FieldId":"Insurance.ACORD.Acord-125.Attached-Property","FieldName":"Attached-Property","IsMultiValue":false,"Type":"Boolean","DeriveFieldsFormat":"","Components":[],"SetValues":[]},{"FieldId":"Insurance.ACORD.Acord-125.Attached-Equipment","FieldName":"Attached-Equipment","IsMultiValue":false,"Type":"Boolean","DeriveFieldsFormat":"","Components":[],"SetValues":[]},{"FieldId":"Insurance.ACORD.Acord-125.Attached-CGA","FieldName":"Attached-CGA","IsMultiValue":false,"Type":"Boolean","DeriveFieldsFormat":"","Components":[],"SetValues":[]},{"FieldId":"Insurance.ACORD.Acord-125.Attached-Umbrella","FieldName":"Attached-Umbrella","IsMultiValue":false,"Type":"Boolean","DeriveFieldsFormat":"","Components":[],"SetValues":[]},{"FieldId":"Insurance.ACORD.Acord-125.Quote-Submission","FieldName":"Quote-Submission","IsMultiValue":false,"Type":"Boolean","DeriveFieldsFormat":"","Components":[],"SetValues":[]},{"FieldId":"Insurance.ACORD.Acord-125.Start-Date","FieldName":"Start-Date","IsMultiValue":false,"Type":"Date","DeriveFieldsFormat":"","Components":[],"SetValues":[]},{"FieldId":"Insurance.ACORD.Acord-125.ExpiryDate","FieldName":"Expiry Date","IsMultiValue":false,"Type":"Date","DeriveFieldsFormat":"","Components":[],"SetValues":[]},{"FieldId":"Insurance.ACORD.Acord-125.ApplicantInformation","FieldName":"Applicant Information","IsMultiValue":false,"Type":"Text","DeriveFieldsFormat":"","Components":[],"SetValues":[]},{"FieldId":"Insurance.ACORD.Acord-125.InspectionContact","FieldName":"Inspection Contact","IsMultiValue":false,"Type":"Text","DeriveFieldsFormat":"","Components":[],"SetValues":[]},{"FieldId":"Insurance.ACORD.Acord-125.AccountingContact","FieldName":"Accounting Contact","IsMultiValue":false,"Type":"Name","DeriveFieldsFormat":"","Components":[],"SetValues":[]},{"FieldId":"Insurance.ACORD.Acord-125.PremisesInformation","FieldName":"Premises Information","IsMultiValue":false,"Type":"Table","DeriveFieldsFormat":"","Components":[{"FieldId":"Insurance.ACORD.Acord-125.PremisesInformation.Loc","FieldName":"Loc","IsMultiValue":false,"Type":"Text","DeriveFieldsFormat":"","Components":[],"SetValues":[]},{"FieldId":"Insurance.ACORD.Acord-125.PremisesInformation.Bld","FieldName":"Bld","IsMultiValue":false,"Type":"Text","DeriveFieldsFormat":"","Components":[],"SetValues":[]},{"FieldId":"Insurance.ACORD.Acord-125.PremisesInformation.Address","FieldName":"Address","IsMultiValue":false,"Type":"Address","DeriveFieldsFormat":"","Components":[],"SetValues":[]},{"FieldId":"Insurance.ACORD.Acord-125.PremisesInformation.City-Limits","FieldName":"City-Limits","IsMultiValue":false,"Type":"Boolean","DeriveFieldsFormat":"","Components":[],"SetValues":[]},{"FieldId":"Insurance.ACORD.Acord-125.PremisesInformation.Yr-built","FieldName":"Yr-built","IsMultiValue":false,"Type":"Text","DeriveFieldsFormat":"","Components":[],"SetValues":[]},{"FieldId":"Insurance.ACORD.Acord-125.PremisesInformation.Part-Ocupied","FieldName":"Part-Ocupied","IsMultiValue":false,"Type":"Text","DeriveFieldsFormat":"","Components":[],"SetValues":[]},{"FieldId":"Insurance.ACORD.Acord-125.PremisesInformation.Interest","FieldName":"Interest","IsMultiValue":false,"Type":"Boolean","DeriveFieldsFormat":"","Components":[],"SetValues":[]}],"SetValues":[]}]}],"Groups":[{"Name":"Insurance","Categories":["ACORD"]}],"SupportedLanguages":[{"Name":"Undetermined Language","Code":"und"},{"Name":"Bulgarian","Code":"bul"},{"Name":"Cantonese","Code":"yue"},{"Name":"Danish","Code":"dan"},{"Name":"Dutch","Code":"nld"},{"Name":"English","Code":"eng"},{"Name":"French","Code":"fra"},{"Name":"Georgian","Code":"kat"},{"Name":"German","Code":"deu"},{"Name":"Greek","Code":"ell"},{"Name":"Hebrew","Code":"heb"},{"Name":"Hindi","Code":"hin"},{"Name":"Italian","Code":"ita"},{"Name":"Japanese","Code":"jpn"},{"Name":"Korean","Code":"kor"},{"Name":"Macedonian","Code":"mkd"},{"Name":"Mandarin","Code":"zho"},{"Name":"Marathi","Code":"mar"},{"Name":"Norwegian","Code":"nor"},{"Name":"Polish","Code":"pol"},{"Name":"Portuguese","Code":"por"},{"Name":"Romanian","Code":"ron"},{"Name":"Russian","Code":"rus"},{"Name":"Serbian","Code":"srp"},{"Name":"Spanish","Code":"spa"},{"Name":"Swedish","Code":"swe"},{"Name":"Telugu","Code":"tel"}]}